reviewer_orcid,reviewer_title,reviewer_title_doi,reviewer_diligency,reviewer_available
36,Fast Database Restarts at Facebook,http://dx.doi.org/10.1145/2588555.2595642.,1,1
895,Loom: Query-aware Partitioning of Online Graphs,,0,2
1842,"Social, Structured and Semantic Search",,1,3
43,Fast Approximate Correlation for Massive Time-series Data,,0,1
623,Convex Risk Minimization to Infer Networks from Probabilistic Diffusion Data at Multiple Scales,,1,2
758,Diverse and proportional Size-l Object Summaries for Relational Keyword Search,,0,3
1050,VENUS: Vertex-Centric Streamlined Graph Computation on a Single PC,,0,2
1682,Jigsaw: Efficient Optimization Over Uncertain Enterprise Data,,1,3
52,Feeding Frenzy: Selectively Materializing Users¡¯ Event Feeds,,0,1
29,Self-organizing Tuple Reconstruction in Column-stores,,1,2
2357,Data Conflict Resolution Using Trust Mappings,,0,3
1031,DeepSea: Progressive Workload-Aware Partitioning of Materialized Views in Scalable Data Analytics,,1,1
837,Privacy Preserving Similarity Evaluation of Time Series Data,,0,2
1165,Hadoop's Adolescence An analysis of Hadoop usage in scientific workloads,,1,3
1013,Truss Decomposition in Massive Networks,,0,1
496,Understanding Computer Usage Evolution ,,1,2
1052,Robust Estimation of Resource Consumption for SQL Queries using Statistical Techniques,,0,3
1716,Finding Socio-Textual Associations Among Locations,,1,1
891,Efficient Reachability Query Evaluation in Large Spatiotemporal Contact Datasets,,0,2
1214,Searchlight: Context-Aware Predictive Continuous Querying of Moving Objects in Symbolic Space,,1,3
458,Monitoring MaxRS in Spatial Data Streams,,0,1
1368,XORing Elephants: Novel Erasure Codes for Big Data,,1,2
382,On Differentially Private Frequent Itemset Mining,,0,3
2219,Boosting SimRank with Semantics,,1,1
665,Incremental and Accuracy-Aware Personalized PageRank through Scheduled Approximation,,0,2
2451,"DBToaster: Higher-order Delta Processing for Dynamic, Frequently Fresh Views",,1,3
848,Stubby: A Transformation-based Optimizer for MapReduce Workflows,,0,1
1584,A Highly Scalable Labelling Approach for Exact Distance Queries in Complex Networks,,1,2
1795,Adding Logical Operators to Tree Pattern Queries on Graph-Structured Data,,0,3
643,ERA: Efficient Serial and Parallel Suffix Tree Construction for Very Long Strings,,0,2
1475,Schema-As-You-Go: On Probabilistic Tagging and Querying of Wide Tables,,1,3
549,Efficient Record Linkage Using a Compact Hamming Space,,1,2
1310,DDE: From Dewey to a Fully Dynamic XML Labeling Scheme,,0,3
2273,Querying RDF Data Using A Multigraph-based Approach,,1,1
2154,"REX: Recursive, Delta-Based Data-Centric Computation",,0,2
1718,HCS: Hierarchical Cut Selection for Efficiently Processing Queries on Data Columns using Hierarchical Bitmap,,1,3
1828,Answering Table Queries on the Web using Column Keywords,,0,1
472,OLTP on Hardware Islands,,1,2
2595,Bed-Tree: An All-Purpose Index Structure for String Similarity Search Based on Edit Distance,,0,3
208,Scalable and Dynamic Regeneration of Big Data Volumes,,1,1
1743,SQL Server Column Store Indexes,,0,2
218,Towards Indexing Functions: Answering Scalar Product Queries,http://dx.doi.org/10.1145/2588555.2610493,1,3
2570,Monitoring Path Nearest Neighbor in Road Networks,,0,1
1231,SpongeFiles: Mitigating Data Skew in MapReduce Using Distributed Memory,,1,2
907,Scalable Architecture and Query Optimization for Transaction-time DBs with Evolving Schemas,,0,3
153,How to Stop Under-Utilization and Love Multicores,,1,1
291,Efficient Implementation of Generalized Quantification in Relational Query Languages,,0,2
939,Sharing Data and Work Across Concurrent Analytical Queries,,1,3
218,NeMa: Fast Graph Search with Label Similarity,,0,1
354,Dictionary-based Order-preserving String Compression for Main Memory Column Stores,,0,3
2250,Functional Geometric Monitoring for Distributed Streams,,1,1
1968,Answering Top-k Representative Queries on Graph Databases,,0,2
1509,Efficient Verification of Web-Content Searching Through Authenticated Web Crawlers,,1,3
374,On Historical Diagnosis of Sensor Streams,,0,1
2121,A Formal Approach to Finding Explanations for Database Queries,,1,2
467,Secondary-Storage Confidence Computation for Conjunctive Queries with Inequalities,,1,1
1278,Computing Immutable Regions for Subspace Top-k Queries,,0,2
460,Optimizing Reformulation-based Query Answering in RDF,,1,3
1522,LINVIEW: Incremental View Maintenance for Complex Analytical Queries,,0,1
1494,CrowdDB: Answering Queries with Crowdsourcing,,1,2
1249,The Copernicus App Lab project: Easy Access to Copernicus Data,,0,3
2472,AutoPlait: Automatic Mining of Co-evolving Time Sequences,,1,1
13,MISO: Souping Up Big Data Query Processing with a Multistore System,,0,2
1951,Advances in Flash Memory SSD Technology for Enterprise Database Applications,,1,3
2333,Efficient Querying and Maintenance of Network Provenance at Internet-Scale,,1,2
1641,Attendance Maximization for Successful Social Event Planning,,0,3
2485,Partial Join Order Optimization in the ParAccel Analytic Database,,1,1
1764,DynFD: Functional Dependency Discovery in Dynamic Datasets,,0,2
104,Interactive Data Exploration Using Semantic Windows,,1,3
387,Direction-Preserving Trajectory Simplification,,0,1
997,Holistic Data Profiling: Simultaneous Discovery of Various Metadata,,1,2
1053,Conflict-Aware Event-Participant Arrangement,,0,3
1808,Query by Output,,0,2
58,Cohesive Keyword Search on Tree Data,,1,3
610,Joint Unsupervised Structure Discovery and Information Extraction,,0,1
425,Redoop: Supporting Recurring Queries in Hadoop,,1,2
2069,A Tale of Two Graphs: Property Graphs as RDF in Oracle,,1,1
1480,Top-K Nearest Keyword Search on Large Graphs,,0,2
2201,The PH-Tree - A Space-Efficient Storage Structure and Multi-Dimensional Index,http://dx.doi.org/10.1145/2588555.2588564.,1,3
1826,"Similarity Search and Locality Sensitive Hashing using Ternary Content Addressable Memories
",,0,1
2531,"Taxi Queue, Passenger Queue or No Queue? A Queue Detection and Analysis System using Taxi State Transition",,1,2
1968,Answering Top-k Queries Over a Mixture of Attractive and Repulsive Dimensions,,1,1
1898,Finding Contrast Patterns for Mixed Streaming Data,,0,2
2110,Processing Analytical Queries over Encrypted Data,,1,3
888,A Temporal Context-Aware Model for User Behavior Modeling in Social Media Systems,,0,1
2519,Resource-oriented Approximation for Frequent Itemset Mining from Bursty Data Streams,,1,2
2578,Efficient and Flexible Index Access in MapReduce,,0,3
2253,Entity Resolution with Crowd Errors,,1,1
49,IS-LABEL: an Independent-Set based Labeling Scheme for Point-to-Point Distance Querying,,0,2
1550,Optimizing I/O-Intensive Transactions in Highly Interactive Applications,,1,3
992,Performance Prediction for Concurrent Database Workloads,,0,1
2575,Sampling Based Algorithms for Quantile Computation in Sensor Networks,,1,2
48,What Can Programming Languages Say,,0,3
1858,Reachability Queries in Very Large Graphs: A Fast Refined Online Search Approach,,1,1
1259,Indexing for Interactive Exploration of Big Data Series,,0,2
179,Interactive Inference of Join Queries,,1,3
1572,Peta-Scale Data Warehousing at Yahoo!,,0,1
2439,Memory Efficient Minimum Substring Partitioning,,1,2
693,Parallelizing Extensible Query Optimizers,,0,3
2219,Interactive Rule Refinement for Fraud Detection,,1,1
990,Expressive and Flexible Access to Web-Extracted Data: A Keyword-based Structured Query Language,,0,2
2541,Real Time Personalized Search on Social Networks,,1,3
213,Compensation-Aware Data Types in RDBMS,,0,1
1752,LLAMA: Efficient Graph Analytics Using Large Multiversioned Arrays,,1,2
1663,Entangled Queries: Enabling Declarative Data-Driven Coordination,,0,3
1474,Automatic Discovery of Attributes in Relational Databases,,1,1
2280,Queries with Guarded Negation Vince Ba,,0,2
1628,Query-Based Why-Not Provenance with NedExplain ,,0,1
2180,Exact and Approximate Algorithms for Finding k-Shortest Paths with Limited Overlap,,1,2
659,COP: Planning Conflicts for Faster Parallel Transactional Machine Learning,,0,3
1200,Reconstruction Privacy: Enabling Statistical Learning,,1,1
2024,Scalable Skyline Computation Using Object-based Space Partitioning,,0,2
413,Maritime Data Integration and Analysis:  Recent Progress and Research Challenges,,1,3
2564,Grid-Index Algorithm for Reverse Rank Queries,,0,1
1982,Efficient Sample Generation for Scalable Meta Learning,,1,2
2134,CorrectDB: SQL Engine with Practical Query Authentication,,1,1
2040,Fine-Grained Controversy Detection in Wikipedia,,0,2
1140,Relational Approach for Shortest Path Discovery over Large Graphs,,1,3
2187,Spatial Data Management Challenges in the Simulation Sciences,,0,1
408,Similarity Search on Spatio-Textual Point Sets,,1,2
55,Recsplorer: Recommendation Algorithms Based on Precedence Mining,,0,3
1325,Temporal Spatial-Keyword Top-k Publish/Subscribe,,1,1
1201,False Rumors Detection on Sina Weibo by Propagation Structures,,0,2
582,Nearest Neighborhood Search in Spatial Databases,,1,3
2528,Query Optimization over Cloud Data Market,,0,1
2029,Slowing the Firehose: Multi-Dimensional Diversity on Social Post Streams,,1,2
507,Leveraging Bitmap Indexing for Subgraph Searching,,0,3
114,Scalable Public Transportation Queries on the Database,,1,1
1681,An Application-Specific Instruction Set for Accelerating Set-Oriented Database Primitives,http://dx.doi.org/10.1145/2588555.2593677.,0,2
250,M3R: Increased Performance for In-Memory Hadoop Jobs,,1,3
2469,Extending Cross-Domain Knowledge Bases with Long Tail Entities using Web Table Data,,0,1
2313,STREAMCUBE: Hierarchical Spatio-temporal Hashtag Clustering for Event Exploration over the Twitter Stream,,1,2
1763,A Storage Advisor for Hybrid-Store Databases ,,0,3
1913,On Random Walk Based Graph Sampling,,1,1
1604,Resolving XML Semantic Ambiguity,,0,2
1647,In-DBMS Sampling-based Sub-trajectory Clustering,,1,3
485,Sinew: A SQL System for Multi-Structured Data,,0,1
657,"PARIS: Probabilistic Alignment of Relations, Instances, and Schema",,1,2
2537,The Yin and Yang of Processing Data Warehousing Queries on GPU Devices,,0,3
2264,Predicting Cost Amortization for Query Services,,1,1
2563,Efficient Network Reliability Computation in Uncertain Graphs,,0,2
2044,Group Recommendation with Temporal Affinities,,1,3
2384,Scalable Evaluation of k-NNQueries on Large Uncertain Graphs,,0,1
1168,K-Nearest Neighbor Search for Fuzzy Objects,,1,2
177,Exploiting the query structure for efficient join ordering in SPARQL queries,,0,3
1520,Partitioning and Ranking Tagged Data Sources,,1,1
674,Schema-free SQL,,0,2
235,A Grammar-based Entity Representation Framework for Data Cleaning,,1,3
1295,HAWQ: A Massively Parallel Processing SQL Engine in Hadoop,,0,1
235,Transaction Processing on Confidential Data using Cipherbase,,1,2
686,Call to Order: A Hierarchical Browsing Approach to Eliciting Users's Preference,,0,3
2543,On Optimality of Jury Selection in Crowdsourcing,,1,1
495,Toward Hardware-Sensitive Database Operations,,0,2
1693,Learning to Rank Adaptively for Scalable Information Extraction,,1,3
88,An Automated System for Internet Pharmacy Verification,,0,1
908,CrowdFill: Collecting Structured Data from the Crowd,,1,2
1784,How to Price Shared Optimizations in the Cloud,,0,3
1562,L-Store: A Real-time OLTP and OLAP System,,1,3
1769,Efficient Querying of Inconsistent Databases with Binary Integer Programming,,0,1
1399,Schema Extraction for Tabular Data on the Web,,1,2
222,Mining Maximal Cliques from an Uncertain Graph,,0,3
40,User-guided Repairing of Inconsistent Knowledge Bases,,1,1
990,Facet Discovery for Structured Web Search: A Query-log Mining Approach,,0,2
764,Distributed query-aware quantization for high-dimensional similarity searches,,1,3
2158,Scalable SimRank Join Algorithm,,0,1
1130,Online Set Selection with Fairness and Diversity Constraints,,1,2
2100,Scaling Factorization Machines to Relational Data,,0,3
2248,"MinoanER: Schema-Agnostic, Non-Iterative, Massively Parallel Resolution of Web Entities",,1,1
641,Privacy-Aware Dynamic Feature Selection,,0,2
839,On Complexity and Optimization of Expensive Queries in Complex Event Processing,,1,3
1388,Privacy Preservation by Disassociation,,1,2
1811,Discovering Recurring Patterns in Time Series,,0,3
930,H2O: A Hands-free Adaptive Store,,1,1
1075,An In-depth Comparison of Subgraph Isomorphism Algorithms in Graph Databases,,0,2
1577,PStorM: Profile Storage and Matching for Feedback-Based Tuning of MapReduce Jobs,,1,3
1186,Semi-Automatic Index Tuning: Keeping DBAs in the Loop,,0,1
2134,TrustedDB: A Trusted Hardware based Database with Privacy and Data Confidentiality,,1,2
221,Privacy Preservation of Aggregates in Hidden Databases:  Why and How?,,0,3
620,ArrayStore: A Storage Manager for Complex Parallel Array Processing,,1,1
2334,Interaction between Record Matching and Data Repairing,,0,2
1291,Exploring Text Classification for Messy Data: An Industry Use Case for Domain-Specific Analytics,,0,1
1542,Processing Continuous Join Queries in Sensor Networks:a Filtering Approach,,1,2
2176,Supporting User-Defined Functions on Uncertain Data,,0,3
2548,Quality and Efficiency in High Dimensional Nearest Neighbor Search,,1,1
139,A Data-Based Approach to Social Influence Maximization,,0,2
814,Leveraging Spatio-Temporal Redundancy for RFID Data Cleansing,,1,3
2126,Ricardo: Integrating R and Hadoop,,0,1
195,Plan Bouquets: Query Processing without Selectivity Estimation,http://dx.doi.org/10.1145/2588555.2588566.,1,2
1414,Mining Flipping Correlations from Large Datasets with Taxonomies,,0,3
388,Optimal Algorithms for Crawling a Hidden Database in the Web,,1,1
308,Answering Queries using Views over Probabilistic XML: Complexity and Tractability,,0,2
2302,Muppet: MapReduce-Style Processing of Fast Data,,1,3
207,Descriptive and Prescriptive Data Cleaning Anup Chalamalla1,,0,1
2585,Pay-As-You-Go ? An Adaptive Approach to Provide Full Context-Aware Text Search over Document Content,,1,2
2103,Spinning Fast Iterative Data Flows Stephan Ewen 1 Kostas Tzoumas 2 Moritz Kaufmann 3,,0,2
475,Explanation-Based Auditing,,1,3
557,Analyzing the Energy Efficiency of a Database Server,,0,1
2567,Conservative or Liberal? Personalized Differential Privacy,,1,2
2498,Efficient Cohesive Subgraphs Detection in Parallel,,0,3
1036,CrowdER: Crowdsourcing Entity Resolution,,0,2
2044,Building Community-Centric Information Exploration Applications on Social Content Sites,,1,3
2474,Preserving Privacy in Social Networks Against Connection Fingerprint Attacks,,0,1
2621,Histograms as a Side Effect of Data Movement for Big Data,,1,2
2298,Optimizing Selection Processing for Encrypted Database using Past Result Knowledge Base,,0,3
2465,Discovering Queries based on Example Tuples,,1,1
839,EXstream: Explaining Anomalies in Event Stream Monitoring,,0,2
2328,Short Text Understanding Through Lexical-Semantic Analysis,,1,3
1979,Estimating Data Integration and Cleaning Effort,,0,1
1669,FDB: A Query Engine for Factorised Relational Databases,,1,2
2150,A Selectivity based approach to Continuous Pattern Detection in Streaming Graphs,,0,3
2278,Morsel-Driven Parallelism: A NUMA-Aware Query Evaluation Framework for the Many-Core Age,,0,2
364,Cologne: A Declarative Distributed Constraint Optimization Platform,,1,3
398,Task-Optimized Group Search for Social Internet of Things,,0,1
2019,Differentially Private Frequent Sequence Mining via Sampling-based Candidate Pruning,,1,2
45,Clustering to Forecast Sparse Time-Series Data,,0,3
2615,Efficient Algorithms for Optimal Location Queries in Road Networks,,1,1
1830,Data Ingestion in AsterixDB,,0,2
190,Buddy Instance - A Mechanism for Increasing Availability  in Shared-Disk Clusters,,1,3
999,Fast Updates on Read-Optimized Databases Using Multi-Core CPUs,,0,1
592,Graph Analytics on Massive Collections of Small Graphs,,1,2
2586,PIE: Approximate Interleaving Event Matching over Sequences ,,1,1
1385,Real Time Contextual Summarization of Highly Dynamic Data Streams,,0,2
1230,"JECB: a Join-Extension, Code-Based Approach to OLTP Data Partitioning",,1,3
2533,A Hadoop Based Distributed Loading Approach to Parallel Data Warehouses,,0,1
2570,Searching Trajectories by Locations - An Efficiency Study,,1,2
1380,Efficient Secure k-Nearest Neighbours over Encrypted Data,,0,3
2279,Graphical XQuery in the AquaLogic Data Services Platform,,1,1
92,A Comparison of Knives for Bread Slicing,http://infosys.cs.uni-saarland.de,0,2
2403,Efficiently Incorporating User Feedback into Information Extraction and Integration Programs,,1,3
1637,On-the-Fly Token Similarity Joins in Relational Databases,,0,1
2334,Making Queries Tractable on Big Data with Preprocessing (through the eyes of complexity theory),,1,2
2175,Multilingual Schema Matching for Wikipedia Infoboxes,,1,1
1562,BE-Tree: An Index Structure to Efficiently Match Boolean Expressions over High-dimensional Discrete Space,,0,1
1429,Bi-temporal Timeline Index: A Data Structure for Processing Queries on Bi-temporal Data,,0,3
2271,Global-Scale Placement of Transactional Data Stores,,1,1
1482,Don¡¯t Thrash: How to Cache Your Hash on Flash,,0,2
468,Serializable Snapshot Isolation in PostgreSQL,,0,1
51,Human-powered Sorts and Joins,,1,2
2363,Durable Write Cache in Flash Memory SSD for Relational and NoSQL Databases,,1,1
678,Ranking Distributed Probabilistic Data Feifei Li1 Ke Yi2 Jeffrey Jestes1,,0,2
324,Indexing the Earth Mover¢® ?s Distance Using Normal Distributions,,1,3
1159,sDTW: Computing DTW Distances using Locally Relevant Constraints based on Salient Feature Alignments,,0,1
663,Druid A Real-time Analytical Data Store,,1,2
721,Explainable Security for Relational Databases,,0,3
2442,Counting Edges with Target Labels in Online Social Networks via RandomWalk,,1,1
2105,Using Object-Awareness to Optimize Join Processing in the SAP HANA Aggregate Cache,,0,2
759,Practical Differential Privacy via Grouping and Smoothing,,1,3
218,Fast Reliability Search in Uncertain Graphs,,0,1
1369,Automatic Tuning of Bag-of-Tasks Applications,,1,2
962,K-Reach: Who is in Your Small World,,0,3
874,Identifying User Interests within the Data Space - a Case Study with SkyServer,,1,1
550,Identifying and Describing Streets of Interest,,0,2
610,ONDUX: On-Demand Unsupervised Learning for Information Extraction,,1,3
1534,Efficient Processing of Hamming-Distance-Based Similarity-Search Queries Over MapReduce,,0,1
2416,ID Repair for Trajectories with Transition Graphs,,1,2
1189,Efficient Skyline Computation in MapReduce,,0,3
649,Low Overhead Concurrency Control for Partitioned Main Memory Databases,,1,1
1777,Efficient Indexing and Querying over Syntactically Annotated Trees,,0,2
1069,GraphCache: A Caching System for Graph Queries,,1,3
740,Big Data Analytics for Time Critical Maritime and Aerial Mobility Forecasting,,0,1
1252,The Complexity of Social Coordination,,1,2
2322,Efficient SimRank-based Similarity Join Over Large Graphs ,,0,3
2190,Query Simplification: Graceful Degradation for Join-Order Optimization,,1,1
1575,Parallel Array-Based Single- and Multi-Source Breadth First Searches on Large Dense Graphs,,0,2
2542,Distributed GraphLab: A Framework for Machine Learning and Data Mining in the Cloud,,0,1
1049,Efficient Summarization Framework for Multi-Attribute Uncertain Data,,1,2
541,Robust Set Reconciliation ,,0,3
2558,Ajax-based Report Pages as Incrementally Rendered Views,,1,1
2340,Efficient Parallel Spatial Skyline Evaluation Using MapReduce,,0,2
1307,Finding Shortest Path on Land Surface,,1,3
1069,Indexing Query Graphs to Speedup Graph Query Processing,,1,2
1132,"Multicore Triangle Computations Without Tuning Julian Shun1, Kanat Tangwongsan2",,0,3
1469,Meaningful Keyword Search in Relational Databases with Large and Complex Schema,,1,1
1418,Efficient Computation of Containment and Complementarity in RDF Data Cubes,,0,2
778,Estimating the Confidence of Conditional Functional Dependencies,,1,3
1791,A Six-dimensional Analysis of In-memory Aggregation,,0,1
2065,GAMPS: Compressing Multi Sensor Data by Grouping and Amplitude Scaling,,1,2
1185,Exploiting Evidence from Unstructured Data to Enhance Master Data Management,,0,3
2549,Quick-Motif: An Efficient and Scalable Framework for Exact Motif Discovery,,1,1
76,Skyline Query Processing over Joins,,0,2
1807,How to ConQueR Why-Not Questions,,1,3
1348,Evaluation of Probabilistic Threshold Queries in MCDB,,0,1
686,Large Scale Cohesive Subgraphs Discovery for Social Network Visual Analysis,,1,2
1417,Incremental Maintenance of Length Normalized Indexes for Approximate String Matching,,0,3
68,Top-K Generation of Integrated Schemas Based on Directed and Weighted Correspondences,,1,1
860,Talking To The Database In A Semantically Rich Way,,0,2
1094,Automatic Contention Detection and Amelioration for Data-Intensive Operations,,1,3
551,Scalable Parallelization of RDF Joins on Multicore Architectures,,0,1
2073,A Comparison of Join Algorithms for Log Processing in MapReduce,,1,2
223,Hierarchical In-Network Attribute Compression via Importance Sampling,,0,3
72,Mining Statistically Significant Connected Subgraphs in Vertex Labeled Graphs,,1,1
692,Compacting Transactional Data in Hybrid OLTP&OLAP Databases,,0,2
238,Data Warehousing and Analytics Infrastructure at Facebook,,1,3
947,GSCALER: Synthetically Scaling A Given Graph,,0,1
2334,Querying Big Graphs within Bounded Resources,,1,2
1719,Automatically Incorporating New Sources in Keyword Search-Based Data Integration,,0,3
733,Piecewise Linear Approximation of Streaming Time Series Data with Max-error Guarantees,,1,1
1466,Mining Statistically Significant Substrings using the Chi-Square Statistic,,0,2
174,A Comparison of Approaches to Large-Scale Data Analysis,,1,3
1729,"Filtered Statistics Pawel Terlecki, Hardik Bati, Cesar Galindo-Legaria and Peter Zabback",,0,1
697,Tracking Set Correlations at Large Scale,,1,2
2567,"A Privacy-Preserving Framework for Personalized, Social Recommendations",,0,3
2314,Efficient Processing of k Nearest Neighbor Joins using MapReduce,,1,1
1972,Optimizing Schema-Last Tuple-Store Queries in Graphd,,0,2
2371,Efficient Query Answering in Probabilistic RDF Graphs Xiang Lian and Lei Chen,,1,3
2419,CDAS: A Crowdsourcing Data Analytics System,,0,1
214,DBaaS Cloud Capacity Planning - Accounting for Dynamic RDBMS Systems that Employ Clustering and Standby Architectures,,1,2
783,Probabilistic Resource Route Queries with Reappearance,,0,3
1568,Querying Uncertain Data with Aggregate Constraints,,1,1
1041,ATLAS: A Probabilistic Algorithm for High Dimensional Similarity Search,,0,2
1639,Early Accurate Results for Advanced Analytics on MapReduce,,1,3
852,Schema Clustering and Retrieval for Multi-domain Pay-As-You-Go Data Integration Systems,,0,1
2298,Secure Query Processing with Data Interoperability in a Cloud Database Environment,,1,2
1912,Dish Comment Summarization Based on Bilateral Topic Analysis,,0,3
2558,On Scaling Up Sensitive Data Auditing,,1,1
356,Materialization Optimizations for Feature Selection Workloads,http://dx.doi.org/10.1145/2588555.2593678.,0,2
2267,A Comparison of Adaptive Radix Trees and Hash Tables,,1,3
87,Efficient Diversity-Aware Search,,0,1
2308,Local Search of Communities in Large Graphs Wanyun Cui¡ï Yanghua Xiao¡ï,,1,2
1232,Annotating the Behavior of Scientific Modules Using Data Examples: A Practical Approach,,0,3
2123,PerfAugur: Robust Diagnostics for Performance,,1,1
1036,Towards Dependable Data Repairing with Fixing Rules,,0,2
304,Efficient Motif Discovery in Spatial Trajectories Using Discrete Fr?chet Distance,,1,3
1422,Hyrise Re-engineered: An Extensible Database System for Research in Relational In-Memory Data Management,,0,1
2014,The Next Generation Operational Data Historian for IoT  Based on Informix,,1,2
1051,Density-based Place Clustering in Geo-Social Networks,,0,3
921,Approximation Schemes for Many-Objective Query Optimization,,1,1
1740,Detecting and Resolving Unsound Workflow Views for Correct Provenance Analysis,,0,2
1841,Generating Exact- and Ranked Partially-Matched Answers to Questions in Advertisements,,1,3
2098,BB-Tree: A practical and efficient main-memory index structure for multidimensional workloads,,0,1
1648,Structured Annotations of Web Queries,,1,2
1174,Efficient evaluation of threshold queries of derived fields in a numerical simulation database,,0,3
45,Probabilistic Databases with MarkoViews,,1,1
2579,Efficient Subgraph Matching on Billion Node Graphs,,0,2
1268,Localizing Anomalous Changes in Time-evolving Graphs,,1,3
434,Window-Chained Longest Common Subsequence:  Common Event Matching in Sequences,,0,1
1580,Index Design for Enforcing Partial Referential Integrity Efficiently,,1,2
1937,Continuous Analytics Over Discontinuous Streams,,0,3
785,Towards a Parameter-Free and Parallel Itemset Mining Algorithm in Linearithmic Time,,1,1
2003,Taming the Storage Dragon: The Adventures of HoTMaN,,0,2
859,Efficient Parallel Skyline Processing using Hyperplane Projections,,1,3
2334,Incremental Graph Pattern Matching,,0,1
933,Seamlessly Integrating Disk and Tape in a Multi-tiered Distributed File System,,1,2
1162,More Efficient Datalog Queries: Subsumptive Tabling Beats Magic Sets,,0,3
1890,Learning Expressive Linkage Rules using Genetic Programming,,1,1
1085,Pushing the Boundaries of Crowd-enabled Databases  with Query-driven Schema Expansion,,0,2
52,A Batch of PNUTS: Experiences Connecting Cloud Batch and Serving Systems,,1,3
1100,Robust and Efficient Algorithms for Rank Join Evaluation,,0,1
427,Diversified Caching for Replicated Web Search Engines,,1,2
1323,Groupwise Analytics via Adaptive MapReduce,,0,3
811,Skyline Operator on Anti-correlated Distributions,,1,1
789,Pregel: A System for Large-Scale Graph Processing,,0,2
484,Dynamic Physiological Partitioning on a Shared-Nothing Database Cluster,,1,3
2508,Hierarchically Organized Skew-Tolerant Histograms for Geographic Data Objects,,0,1
2562,Llama: Leveraging Columnar Storage for Scalable Join Processing in the MapReduce Framework,,1,2
2063,Apples and Oranges: A Comparison of RDF Benchmarks and Real RDF Datasets,,0,3
1355,Stream Warehousing with DataDepot,,1,1
589,LazyFTL: A Page-level Flash Translation Layer Optimized for NAND Flash Memory,,0,2
1021,Personalized Route Recommendation using Big Trajectory Data,,1,3
1728,Time series anomaly discovery with grammar-based compression,,0,1
866,A Framework for Testing Query Transformation Rules,,1,2
2536,ZStream: A Cost-based Query Processor for Adaptively Detecting Composite Events,,0,3
1549,E-Cube: Multi-Dimensional Event Sequence Analysis Using Hierarchical Pattern Query Sharing,,1,1
868,Progressive Diversification for Column-based Data Exploration Platforms,,0,2
658,Self-managed collections: Off-heap memory management for scalable query-dominated collections,,1,3
1122,The MADlib Analytics Library,"http://madlib.net,",1,2
1744,High-Performance Concurrency Control  Mechanisms for Main-Memory Databases,,0,3
2207,On the Complexity of Query Result Diversification,,1,1
2143,Query Optimizers: Time to Rethink the Contract,,0,2
753,On Processing Top-k Spatio-Textual Preference Queries,,1,3
288,Sensitivity Analysis and Explanations for Robust Query,,1,1
1816,Improving Flash Write Performance by Using Update Frequency,,0,2
1331,Diversified Top-K Clique Search,,1,3
2551,Distribution-Based Query Scheduling,,0,1
173,On Predictive Modeling for Optimizing Transaction Execution in Parallel OLTP Systems,,1,2
1831,Determining Essential Statistics for Cost Based Optimization of an ETL Workflow,,0,3
260,Practical Query Answering in Data Exchange Under Inconsistency-Tolerant Semantics,,0,2
234,Probabilistic Management of OCR Data using an RDBMS,,1,3
2114,Question Selection for Crowd Entity Resolution,,0,1
621,Load-Balanced Query Dissemination in Privacy-Aware Online Communities,,1,2
2383,ALAE: Accelerating Local Alignment with Affine Gap Exactly in Biosequence Databases,,0,3
1582,A Unified Framework for Efficiently Processing Ranking Related Queries,,1,1
288,Supercharging Recommender Systems using Taxonomies for Learning User Purchase Behavior,,0,2
1583,The Power of Both Choices: Practical Load Balancing for Distributed Stream Processing Engines,,1,3
608,Metric-Based Top-k Dominating Queries,,0,1
2179,Bistro Data Feed Management System  Theodore Johnson Vladislav Shkapenyuk Divesh Srivastava,,1,2
2525,Optimization of Analytic Window Functions Yu Cao,,0,3
2476,Efficient Subgraph Similarity Search on Large Probabilistic Graph Databases,,1,1
2143,Variance Aware Optimization of Parameterized Queries,,0,2
459,Hybrid In-Database Inference for Declarative Information Extraction,,1,3
1072,OPT: A New Framework for Overlapped and Parallel Triangulation in Large-scale Graphs,,0,1
654,The Sweet Spot between Inverted Indices and Metric-Space Indexing for Top-K?List Similarity Search,,1,2
1194,Characterizing Home Device Usage From Wireless Traffic Time Series,,0,3
1737,Graph Cube: On Warehousing and OLAP Multidimensional Networks,,1,1
1673,"Workload-Aware Storage Layout for Database Systems Oguzhan Ozmen, Kenneth Salem",,0,2
1931,The Safest Path via Safe Zones ,,1,3
1184,Elevating Annotation Summaries To First-Class Citizens In InsightNotes,,0,1
1695,Scaling Unbound-Property Queries on Big RDF Data Warehouses using MapReduce,,1,2
1464,Pattern Search in Temporal Social Networks Maximilian Franzke,,0,3
854,Leveraging Query Logs for Schema Mapping Generation in U-MAP,,0,2
1695,Optimization of Complex SPARQL Analytical Queries,,1,3
2285,Efficient Transaction Processing in SAP HANA Database ? The End of a Column Store Myth,,1,2
1320,Shortest Path and Distance Queries on Road Networks: An Experimental Evaluation,,0,3
307,Designing and Refining Schema Mappings via Data Examples,,1,1
659,Chariots : A Scalable Shared Log for Data Management in Multi-Datacenter Cloud Environments,,0,2
1177,Efficient Processing of Data Warehousing Queries in a Split Execution Environment,,1,3
2414,RPM: Representative Pattern Mining for Efficient Time,,0,1
1536,INSURE: An Integrated Load Reduction Framework for XML Stream Processing,,1,2
2430,The DBMS ? your Big Data Sommelier,,0,3
2548,Nearest Keyword Search in XML Documents,,1,1
2117,We Challenge You to Certify Your Updates,,0,2
853,Low-Latency Multi-Datacenter Databases using Replicated Commit,,1,3
573,Matching Web Tables To DBpedia - A Feature Utility Study,,0,1
1795,Comments on ¡°Stack-based Algorithms for Pattern Matching on DAGs¡±,,1,2
1167,A Distributed Graph Engine for Web Scale RDF,,0,3
2101,Adapting Tree Structures for Processing with SIMD Instructions,,1,1
111,Tracing Data Errors with View-Conditioned Causality,,0,2
800,Effici ent Type-Ahead Search on Rel ati onal D ata: a TASTIER Approach,,1,3
257,Densest Subgraph in Streaming and MapReduce,,0,1
2368,Scaling up Copy Detection,,0,3
2439,Flexible Aggregate Similarity Search,,1,1
2611,Labeling Workflow Views with Fine-Grained Dependencies,,0,2
75,Scalable Distributed Transactions across Heterogeneous Stores,,1,3
1886,Supporting Hierarchical Data in SAP HANA,,0,1
1904,Scheduling Multiple Trips for a Group in Spatial Databases,,1,2
1642,TACO: Tunable Approximate Computation of Outliers in Wireless Sensor Networks,,1,1
582,A Scalable Algorithm for Maximizing Range Sum in Spatial Databases,,0,2
893,Finding Frequently Visited Indoor POIs Using Symbolic Indoor Tracking Data,,1,3
2294,Non-homogeneous Generalization in Privacy Preserving Data Publishing,,0,1
1312,Efficiently Computing Top-K Shortest Path Join,,1,2
1300,Natural Language Question Answering over RDF - A Graph Data Driven Approach,,0,3
1444,Proof Positive and Negative in Data Cleaning,,1,1
1557,Extending In-Memory Relational Database Engines with Native Graph Support,,0,2
1250,Identifying Converging Pairs of Nodes on a Budget,,1,3
1722,Lightweight Data Compression Algorithms: An Experimental Survey,,1,2
898,A Location-Aware Publish/Subscribe Framework for Parameterized Spatio-Textual Subscriptions,,0,3
1137,SEP2P: Secure and Efficient P2P Personal Data Processing,,1,1
516,The NPD Benchmark: Reality Check for OBDA Systems ,,0,2
1318,Chronos: An Elastic Parallel Framework for Stream Benchmark Generation and Simulation,,1,3
1541,Providing Serializability for Pregel-like Graph Processing Systems,,0,1
378,Cleaning Uncertain Data with a Noisy Crowd,,1,2
1563,Configurable Hardware-based Streaming Architecture using Online Programmable-Blocks,,0,3
2159,Privacy Preserving Estimation of Social Influence,,0,2
335,Whom to Ask? Jury Selection for Decision Making Tasks on Micro-blog Services,,1,3
2044,GroupTravel: Customizing Travel Packages for Groups,,0,1
1892,Indexing Trajectories for Travel-Time Histogram Retrieval,,1,2
827,Making Sense of Trajectory Data: A Partition-and-Summarization Approach,,1,1
1395,ChronicleDB: A High-Performance Event Store,,0,2
854,Preserving Privacy and Fairness in Peer-to-Peer Data  Integration,,1,3
1389,MaSM: Efficient Online Updates in Data Warehouses,,0,1
26,Computing Label-Constraint Reachability in Graph,,1,2
123,QoX-Driven ETL Design: Reducing the Cost  of ETL Consulting Engagements,,1,1
1715,On Indexing Error-Tolerant Set Containment,,0,2
1016,Reverse Spatial and Textual k Nearest Neighbor Search,,1,3
1659,Towards Cost-Effective Storage Provisioning for DBMSs,,0,1
2387,Efficient Multi-way Theta-Join Processing Using MapReduce,,1,2
1429,Benchmarking Bitemporal Database Systems: Ready for the Future or Stuck in the Past,,0,3
2409,Attribute Domain Discovery for Hidden Web Databases,,1,1
2611,Labeling Recursive Workflow Executions On-the-Fly,,0,2
2190,Scalable Join Processing on Very Large RDF Graphs,,1,3
735,Simplifying XML Schema: Effortless Handling of Nondeterministic Regular Expressions,,0,1
2317,Efficient Approximate Entity Extraction with Edit Distance Constraints,,1,2
1779,Executing Entity Matching End to End: A Case Study,,0,3
1322,SQL- and Operator-centric Data Analytics in Relational Main-Memory Databases,,1,1
1194,Hidden Layer Models for Company Representations and Product Recommendations,,0,2
2526,Parallel In-Situ Data Processing with Speculative Loading,,1,3
661,TEDI: Efficient Shortest Path Query Answering on Graphs,,0,1
2488,Authenticated Join Processing in Outsourced Databases,,1,2
66,Cost Estimation of Spatial k-Nearest-Neighbor Operators,,0,3
2595,Kernel-Based Skyline Cardinality Estimation,,1,1
1732,Parallel I/O Aware Query Optimization,,0,2
1035,Cleaning Structured Event Logs: A Graph Repair Approach,,1,3
1535,Mining a Search Engine¡¯s Corpus: Efficient Yet Unbiased Sampling and Aggregate Estimation,,0,1
221,Unbiased Estimation of Size and Other Aggregates Over Hidden Web Databases,,1,2
87,Dense Subgraph Maintenance under Streaming Edge Weight Updates for Real-time Story Identification,,0,3
1739,Query Workload-based RDF Graph Fragmentation and Allocation,,1,1
572,Data Warehouse Technology by Infobright,,0,2
1228,Continuous Imputation of Missing Values in Streams of Pattern-Determining Time Series,,0,1
2429,OASSIS: Query Driven Crowd Mining,,1,2
2471,Fast and Exact Top-k Search for Random Walk with Restart,,0,3
2611,An Optimal Labeling Scheme for Workflow Provenance Using Skeleton Labels,,1,1
1507,Linear Path Skylines in Multicriteria Networks,,0,2
922,HaTen2: Billion-scale Tensor Decompositions,,1,3
2223,A General Graph-based Model for Recommendation in Event-based Social Networks,,0,1
1172,SAR: A Sentiment-Aspect-Region Model for User Preference Analysis in Geo-tagged Reviews,,1,2
162,Analytics on Fast Data: Main-Memory Database Systems versus Modern Streaming Systems,,1,1
2609,Crowd-Selection Query Processing in Crowdsourcing Databases: A Task-Driven Approach,,0,2
1792,Resolving Conflicts in Heterogeneous Data by Truth Discovery and Source Reliability Estimation,,1,3
311,Differentially Private Data Cubes: Optimizing Noise Sources and Consistency,,0,1
1409,On Assigning Implicit Reputation Scores in an Online Labor Marketplace,,1,2
2553,Privacy Preserving Group Nearest Neighbor Search,,0,3
1006,Spreadsheet As a Relational Database Engine,,1,1
1415,DisC Diversity: Result Diversification based on Dissimilarity and Coverage,,0,2
962,Finding Maximal Cliques in Massive Networks by H*-graph,,1,3
1652,Robust Web Extraction: An Approach Based on a Probabilistic Tree-Edit Model,,0,1
2051,Distributed Spatial Keyword Querying on Road Networks,,1,2
1746,Scalable Atomic Visibility with RAMP Transactions,,0,3
2371,Consistent Query Answers in Inconsistent Probabilistic Databases,,1,1
489,Extracting Statistical Graph Features for Accurate and Efficient Time Series Classification,,0,2
2363,Flash-Based Extended Cache for Higher Throughput and Faster Recovery,,1,3
1976,ENFrame: A Platform for Processing Probabilistic Data,,0,1
530,Forecasting High-Dimensional Data,,1,2
256,Patience is a Virtue: Revisiting Merge and Sort on Modern Processors,,0,3
47,COLARM: Cost-based Optimization for Localized Association Rule Mining,,1,1
1745,Ranking Candidate Networks of Relations to Improve Keyword Search over Relational Databases,,0,2
976,EAGr: Supporting Continuous Ego-centric Aggregate Queries over Large Dynamic Graphs,,1,3
2054,HYDRA: Large-scale Social Identity Linkage via Heterogeneous Behavior Modeling,,0,1
875,Transactional Replication in Hybrid Data Store Architectures,,1,2
1916,Stratified-Sampling over Social Networks Using MapReduce,,0,3
2182,Characterizing and Selecting Fresh Data Sources,,1,1
1630,Active Knowledge: Dynamically Enriching RDF Knowledge Bases by Web Services,,0,2
888,Challenging the Long Tail Recommendation,,1,3
1546,Extraction and Integration of Partially Overlapping Web Sources,,0,1
2498,Parallel Subgraph Listing in a Large-Scale Graph,http://dx.doi.org/10.1145/2588555.2588557.,1,2
268,Continuous Deployment of Machine Learning Pipelines,,0,3
1539,Sketch-based Geometric Monitoring of Distributed Stream Queries,,1,1
540,Apache Hadoop Goes Realtime at Facebook,,0,2
255,Scouter: A Stream Processing Web Analyzer to Contextualize Singularities,,1,3
1968,Indexing and Matching Trajectories under Inconsistent Sampling Rates,,0,1
571,The Filter-Placement Problem and its Application to Minimizing Information Multiplicity,,1,2
1251,Dynamically Optimizing Queries over Large Scale Data Platforms,,0,3
2486,Major Technical Advancements in Apache Hive,,1,1
108,Top-k Publish-Subscribe for Social Annotation of News,,0,2
1741,An Algorithmic Approach to Event Summarization,,1,3
191,Storm @Twitter,,0,1
1147,Functional Mechanism: Regression Analysis under Differential Privacy,,1,2
2200,Solving Big Data Challenges for Enterprise Application Performance Management,,0,3
1629,Type-Based Detection of XML Query-Update Independence,,1,3
1817,Efficient Auditing For Complex SQL queries,,0,1
2406,PARAS: A Parameter Space Framework for Online Association Mining,,1,2
1943,Knowing When You¡¯re Wrong: Building Fast and Reliable Approximate Query Processing Systems,,0,3
1109,CrowdSky: Skyline Computation with Crowdsourcing,,1,1
1123,Powering Archive Store Query Processing via Join Indices,,0,2
696,The LLUNATIC Data-Cleaning Framework,,1,3
63,SHAHED: A MapReduce-based System for Querying and Visualizing Spatio-temporal Satellite Data,,0,1
2372,AP-Tree: Efficiently Support Continuous Spatial-Keyword Queries Over Stream,,1,2
2196,"An Effective and Efficient Truth Discovery Framework over
Data Streams",,0,3
630,"Combining Keyword Search and Forms for Ad Hoc
Querying of Databases ",,1,1
1413,Sharing Work in Keyword Search over Databases,,0,2
2195,hStorage-DB: Heterogeneity-aware Data Management to Exploit the Full Capability of Hybrid Storage Systems,,1,3
2366,"Blowfish Privacy: Tuning Privacy-Utility Trade-offs using
Policies",,1,2
1775,"TripleBit: a Fast and Compact System for Large Scale RDF
Data",,0,3
772,Beyond Frequencies: Graph Pa!ern Mining in Multi-weighted Graphs,,1,1
2120,"The DataPath System: A Data-Centric Analytic Processing
Engine for Large Data Warehouses",,0,2
2369,Online Frequent Episode Mining,,1,3
1140,"Neighborhood-Privacy Protected Shortest Distance
Computing in Cloud",,0,1
2548,Logging Every Footstep: Quantile Summaries for the Entire History,,1,2
1321,"Tripartite Graph Clustering for Dynamic Sentiment
Analysis on Social Media",,0,3
2407,Collective Spatial Keyword Querying,,1,1
2080,Query Optimization in Microsoft SQL Server PDW,,0,2
1135,Data Exploration with SQL using Machine Learning Techniques,,0,1
128,Processing Theta-Joins using MapReduce,,1,2
1825,Ratio Threshold Queries over Distributed Data Sources,,0,3
953,Turbocharging DBMS Buffer Pool Using SSDs,,1,1
57,"Continuous Monitoring of Pareto Frontiers on Partially
Ordered Attributes for Many Users",,0,2
1883,Permuting Data on Random-Access Block Storage,,1,3
1660,PrivBasis: Frequent Itemset Mining with Differential Privacy,,0,1
444,The Design of the Force.com Multitenant Internet Application Development Platform ,,1,2
1078,Revisiting Co-Processing for Hash Joins on the Coupled CPU-GPU Architecture,,0,3
2556,Continuous Obstructed Nearest Neighbor Queries  in Spatial Databases,,1,1
538,Who Cares about Others¡¯ Privacy: Personalized Anonymization of Moving Object Trajectories ,,0,2
1876,An Analytic Data Engine for Visualization in Tableau,,1,3
1593,Navigating the Maze of Graph Analytics Frameworks using Massive Graph Datasets,,0,1
1617,Result Selection and Summarization for Web Table Search,,1,2
2263,"Bayesian Locality Sensitive Hashing for Fast Similarity
Search",,0,2
479,Attacks on Privacy and deFinetti¡¯s Theorem,,1,3
800,Efficient Location-Aware Influence Maximization,,0,1
2450,Growing the Charging Station Network for Electric Vehicles with Trajectory Data Analytics,,1,2
35,"Effective Data Co-Reduction for Multimedia Similarity
Search",,0,3
646,Scorpion: Explaining Away Outliers in Aggregate Queries,,0,2
154,Efficient Concept-based Document Ranking,,1,3
1392,Hi-WAY: Execution of Scientific Workflows on Hadoop YARN,,0,1
1545,QUASII: QUery-Aware Spatial Incremental Index,,1,2
66,Spatial Queries with Two kNN Predicates,,0,3
1918,Multiple Location Profiling for Users and Relationships from Social Network and Content,,1,1
1018,Bounded Quadrant System: Error-bounded Trajectory Compression on the Go,,0,2
170,The Vertica Analytic Database: C-Store 7 Years Later,,1,3
1746,Probabilistically Bounded Staleness for Practical Partial Quorums,,0,1
220,Bump hunting in the dark: Local discrepancy maximization on graphs,,1,2
1092,Continuous Quantile Query Processing in Wireless Sensor Networks,,0,3
791,Multi-Constrained Graph Pattern Matching in Large-Scale Contextual Social Graphs,,0,2
673,Optimizing Complex Extraction Programs over Evolving Text Data,,1,3
800,Pass-Join: A Partition-based Method for Similarity Joins,,0,1
690,On Repairing Structural Problems In Semi-structured Data,,1,2
1420,Dynamic Programming: The Next Step,,0,3
755,Generating Reading Orders over Document Collections,,1,1
1794,A Gauss Function Based Approach for Unbalanced Ontology Matching,,0,2
1037,A Hybrid Private Record Linkage Scheme: Separating Differentially Private Synopses From Matching Records,,1,3
1544,Semi-automatic support for evolving functional dependencies,,0,1
2614,Mining Frequent Co-occurrence Patterns across Multiple Data Streams,,1,2
2546,Modeling Entity Evolution for Temporal Record Matching,,1,1
1350,REX: Explaining Relationships between Entity Pairs,,0,2
99,Heterogeneous Stream Processing and Crowdsourcing for Urban Traffic Management,,1,3
1561,Schema Inference for Massive JSON Datasets,,0,1
51,Counting with the Crowd,,1,2
1987,Constructing and Exploring Composite Items,http://shopping.yahoo.com/,0,3
585,InsightNotes: Summary-Based Annotation Management in Relational Databases,,1,1
710,Privacy Integrated Queries An Extensible Platform for Privacy-Preserving Data Analysis,,0,2
1167,The Analytical Bootstrap: a New Method for Fast Error Estimation in Approximate Query Processing,,1,3
1063,An Efficient Sliding Window Approach for Approximate Entity Extraction with Synonyms,,0,1
2560,Reverse k-Ranks Queries on Large Graphs,,1,2
1363,Spec-QP: Speculative Query Planning for Joins over Knowledge Graphs,,1,1
2073,Design and Evaluation of Main Memory Hash Join Algorithms for Multi-core CPUs,,0,1
1269,Lightweight Locking for Main Memory Database Systems,,0,3
1478,Efficient Query Processing Using the Earth Mover¡¯s Distance in Video Databases,,1,1
1515,Uncertain Time-Series Similarity: Return to the Basics,,0,2
961,Query Shredding: Efficient Relational Evaluation of Queries over Nested Multisets,,0,1
344,Histograms Reloaded: The Merits of Bucket Diversity,,1,2
2316,Diff-Index: Differentiated Index in Distributed Log-Structured Data Stores,,1,1
1934,L-opacity: Linkage-Aware Graph Anonymization,,0,2
776,"Definition, Detection, and Recovery of Single-Page Failures, a Fourth Class of Database Failures ",,1,3
215,Cache-Oblivious Scheduling of Shared Workloads,,0,1
257,Scalable K-Means++,,1,2
1126,SEAL: Spatio-Textual Similarity Search,,0,3
2133,Secure Outsourced Aggregation via One-way Chains,,1,1
2617,Measuring Two-Event Structural Correlations on Graphs,,0,2
301,SkimpyStash: RAM Space Skimpy Key-Value Store on Flash-based Storage,,1,3
704,Uncertain Centroid based Partitional Clustering of Uncertain Data,,0,1
317,Apollo: Learning Query Correlations for Predictive Caching in Geo-Distributed Systems,,1,2
2581,Asymmetric Structure-Preserving Subgraph Queries for Large Graphs,,0,3
1496,TPStream: Low-Latency Temporal Pattern Matching on Event Streams,,1,1
2329,Efficient and Generic Evaluation of Ranked Queries,,0,2
1737,gSketch: On Query Estimation in Graph Streams,,1,3
549,Summarization Algorithms for Record Linkage,,0,1
702,Distance oracles in edge-labeled graphs,,1,2
794,Controlling False Positives in Association Rule Mining,,0,3
1035,Efficient Recovery of Missing Events,,1,1
776,Concurrency Control for Adaptive Indexing,,0,2
1057,Global Immutable Region Computation,,1,3
701,CliqueSquare: Flat Plans for Massively Parallel RDF Queries,,0,1
2591,Processing Proximity Relations in Road Networks,,1,2
2279,Access Control in the AquaLogic Data Services Platform,,0,3
1665,Identifying Users in Social Networks with Limited Information,,1,1
435,Online Topic-aware Influence Maximization Queries,,0,2
288,Indexing Correlated Probabilistic Databases,,0,1
2162,DiSCern: A Diversified Citation Recommendation System for Scientific Queries,,1,2
1513,From Cooperative Scans to Predictive Buffer Management,,0,3
1296,Answering Why-Not Questions on Spatial Keyword Top-k Queries,,1,1
806,A Probabilistic Framework for Estimating Pairwise Distances Through Crowdsourcing,,0,2
2222,Fast Checkpoint Recovery Algorithms for Frequently Consistent Applications,,1,3
1930,Positional Update Handling in Column Stores,,1,2
1855,Smooth Scan: Statistics-Oblivious Access Paths,,0,3
1302,Durable Top-k Search in Document Archives,,1,1
1902,Information Propagation in Interaction Networks,,0,2
2424,Oracle In-Database Hadoop: When MapReduce Meets RDBMS,,1,3
2351,SecureBlox: Customizable Secure Distributed Data Processing,,0,1
2342,Network Motif Discovery: A GPU Approach,,1,2
143,Serial and Parallel Methods for I/O Efficient Suffix Tree Construction,,0,3
605,Uncertainty Management in Rule-Based Information Extraction Systems,,1,1
79,"IBM InfoSphere Streams for Scalable, Real-Time, Intelligent Transportation Services",,0,2
2170,Spatial Partitioning of Large Urban Road Networks,,1,3
991,Incremental Elasticity For Array Databases,,0,1
1923,"GRN Model of Probabilistic Databases: Construction, Transition and Querying ",,1,2
919,Sedna: Native XML Database Management System (Internals Overview),,0,3
1656,GAIA: Graph Classification Using Evolutionary Computation,,1,1
1011,Multi-Criteria Optimal Location Query with Overlapping Voronoi Diagrams,,0,2
1809,Privacy-Preserving Query Execution using a Decentralized Architecture and Tamper Resistant Hardware,,1,3
1609,Warding off the Dangers of Data Corruption with Amulet,,0,1
926,Adaptive String Dictionary Compression in In-Memory Column-Store Database Systems,,1,2
2011,Probabilistic Threshold Indexing for Uncertain Strings,,0,3
681,Stochastic Database Cracking: Towards Robust Adaptive Indexing in Main-Memory Column-Stores,,1,1
793,Query Performance Problem Determination with Knowledge Base in Semantic Web System OptImatch,,0,2
1756,Time Dependent Transportation Network Models,,1,3
292,Multiple Feature Fusion for Social Media Applications,,0,1
748,The Unified Logging Infrastructure for Data Analytics at Twitter,,1,2
749,"Scaling Entity Resolution to Large, Heterogeneous Data with Enhanced Meta-blocking",,0,3
1099,Efficient Window Aggregation with General Stream Slicing,,1,1
881,B+-tree Index Optimization by Exploiting Internal Parallelism of Flash-based Solid State Drives,,0,2
2261,CAQE: A Contract Driven Approach to Processing Concurrent Decision Support Queries,,1,3
606,Query-Time Record Linkage and Fusion over Web Databases,,0,1
20,Scalable Big Graph Processing in MapReduce,http://dx.doi.org/10.1145/2588555.2593661.,1,2
1238,Reverse Engineering Top-k Database Queries with PALEO,,0,3
289,Processing Interval Joins On Map-Reduce,,1,1
786,RDF Keyword-based Query Technology Meets a Real-World Dataset ,,0,2
1570,Model Selection for Semi-Supervised Clustering,,1,3
1036,A Sample-and-Clean Framework for Fast and Accurate Query Processing on Dirty Data,,0,1
2499,Threshold Query Optimization for Uncertain Data,,1,2
767,Core Schema Mappings,,0,3
1853,GenBase: A Complex Analytics Genomics Benchmark,,1,1
1987,Location-Aware Type Ahead Search on Spatial Databases : Semantics and Efficiency,,0,2
339,Finding Users of Interest in Micro-blogging Systems,,1,3
699,Upper and Lower Bounds on the Cost of a Map-Reduce Computation,,0,1
2571,Extracting Aggregate Answer Statistics for Integration,,1,2
800,Faerie: Efficient Filtering Algorithms for Approximate Dictionary-based Entity Extraction,,0,3
2538,Joins for Hybrid Warehouses: Exploiting Massive Parallelism in Hadoop and Enterprise Data Warehouses,,1,1
728,Low-Rank Mechanism: Optimizing Batch Queries under Differential Privacy,,0,2
1280,Changing Flights in Mid-air: A Model for Safely Modifying Continuous Queries,,1,3
1147,PrivBayes: Private Data Release via Bayesian Networks,,0,1
1636,Insights on a Scalable and Dynamic Traffic Management System,,1,2
863,Schedule Optimization for Data Processing Flows on the Cloud,,0,3
604,"Pivoted Subgraph Isomorphism: The Optimist, the Pessimist and the Realist",,1,1
1659,Re-evaluating Designs for Multi-Tenant OLTP Workloads on SSD-based I/O Subsystems,,0,2
2395,DECT: Distributed Evolving Context Tree for Mining Web Behavior Evolution Industrial Paper,,1,3
1520,"Reaching a desired set of users via different paths: an
online advertising technique on a micro-blogging platform",,0,1
756,SharedDB: Killing One Thousand Queries With One Stone,,1,2
419,Generating Example Data for Dataflow Programs,,0,3
1173,In Search of Influential Event Organizers in Online Social Networks,,1,1
1343,MTBase: Optimizing Cross-Tenant Database Queries,,0,2
996,Only Aggressive Elephants are Fast Elephants,http://infosys.cs.uni-saarland.de,1,3
680,Online Reorganization in Read Optimized MMDBS,,0,1
2265,Differentially Private Aggregation of Distributed Time-Series with Transformation and Encryption,,1,2
1047,GeoAlign: Interpolating Aggregates over Unaligned Partitions,,0,3
223,Mining Attribute-structure Correlated Patterns in Large Attributed Graphs,,1,1
2062,DualTable: A Hybrid Storage Model for Update Optimization in Hive,,0,2
927,Complete Yet Practical Search for Minimal Query Reformulations Under Constraints,,1,3
670,Efficient Computation of Probabilistic Core Decomposition at Web-Scale,,0,1
846,Cost Based Plan Selection for Xpath,,1,2
1406,Efficiently Evaluating Complex Boolean Expressions,,0,3
1498,Efficient caching for constrained skyline queries,,1,1
2418,Benchmarking Smart Meter Data Analytics,,0,2
296,"Travel Cost Inference from Sparse, Spatio-Temporally Correlated Time Series Using Markov Models",,1,3
147,Efficient Secure Similarity Computation on Encrypted Trajectory Data,,0,1
1706,The Pursuit of a Good Possible World: Extracting Representative Instances of Uncertain Graphs,,1,2
67,V-SMART-Join: A Scalable MapReduce Framework for All-Pair Similarity Joins of Multisets and Vectors,,0,3
386,Hypersphere Dominance: An Optimal Approach,,1,1
1898,Finding Meaningful Contrast Patterns for Quantitative Data,https://doi.org/,0,2
1568,Optimizing Content Freshness of Relations Extracted From the Web Using Keyword Search,,1,3
251,Can the Elephants Handle the NoSQL Onslaught,,0,1
2333,Distributed Time-aware Provenance,,1,2
795,Executing Queries over Schemaless RDF Databases,,0,3
858,Sampling Dirty Data for Matching Attributes,,1,1
1666,SAP HANA - From Relational OLAP Database to Big Data Infrastructure,,0,2
390,CLUDE: An Efficient Algorithm for LU Decomposition Over a Sequence of Evolving Graphs,,1,3
1538,Corroborating Facts from Affirmative Statements,,0,1
2214,Transaction Log Based Application Error Recovery and  Point In-Time Query,,1,2
2540,Finding Dense and Connected Subgraphs in Dual Networks,,0,3
1385,Generic Keyword Search over XML Data,,1,1
1548,Scalable Similarity Search for SimRank,http://dx.doi.org/10.1145/2588555.2610526.,0,2
2524,Influence Maximization: Near-Optimal Time Complexity Meets Practical Efficiency,http://dx.doi.org/10.1145/2588555.2593670.,1,3
1261,Oracle Database Filesystem,,0,1
1441,RTED: A Robust Algorithm for the Tree Edit Distance,,1,2
71,On Debugging Non-Answers in Keyword Search Systems,,0,3
792,Exploiting Ordered Dictionaries to Efficiently Construct Histograms with Q-Error Guarantees in SAP HANA,,1,1
2496,ChronoStream: Elastic Stateful Stream Computation in the Cloud,,0,2
2361,A New Approach for Processing Ranked Subsequence Matching Based on Ranked Union,,1,3
187,I4E: Interactive Investigation of Iterative Information Extraction,,1,2
1935,Continuous Sampling for Online Aggregation Over Multiple Queries,,0,3
369,An Adaptive Mechanism for Accurate Query Answering under Differential Privacy,,1,1
1278,Shortest Path Computation with No Information Leakage,,0,2
2210,Boosting Spatial Pruning: On Optimal Pruning of MBRs ,,1,3
1073,Finding Top-k Local Users in Geo-Tagged Social Media Data,,1,1
2503,Modeling and Building IoT Data Platforms with Actor-Oriented Databases,,0,2
813,Answering Planning Queries with the Crowd,,1,3
2512,Sequence Pattern Matching over Event Data with Temporal Uncertainty,,0,1
1037,Publishing Microdata with a Robust Privacy Guarantee,,1,2
127,Anti-Combining for MapReduce,,0,3
643,RACE: A Scalable and Elastic Parallel System for Discovering Repeats in Very Long Sequences,,0,2
1484,PIQL: Success-Tolerant Query Processing in the Cloud,,1,3
2506,Relation Strength-Aware Clustering of Heterogeneous Information Networks with Incomplete Attributes,,0,1
613,Querying Contract Databases Based on Temporal Behavior,,1,2
2268,Temporal group linkage and evolution analysis for census data,,0,3
327,"Cross-tier, Label-based Security Enforcement for Web Applications",,1,1
1784,A Latency and Fault-Tolerance Optimizer for Online Parallel Query Plans,,0,2
20,Keyword Search in Databases: The Power of RDBMS,,1,3
1366,Who Tags What? An Analysis Framework,,0,1
1581,Adaptive query parallelization in multi-core column stores,,1,2
799,Querying Improvement Strategies,,0,3
1884,A Utility-Preserving and Scalable Technique for Protecting Location Data with Geo-Indistinguishability,,1,1
2548,On k-skip Shortest Paths,,0,2
2160,Statistical Distortion: Consequences of Data Cleaning,,1,3
61,Adaptive Optimizations of Recursive Queries in Teradata,,0,1
2220,Stratified Random Sampling from Streaming and Stored Data,,1,2
426,Efficient Error-tolerant Query Autocompletion,,0,3
1671,Sketch-based Querying of Distributed Sliding-Window Data Streams,,1,1
365,GBLENDER: Towards Blending Visual Query Formulation and Query Processing in Graph Databases,,0,2
2580,Exploiting Context Analysis for Combining Multiple Entity Resolution Systems,,1,3
366,FAST: Fast Architecture Sensitive Tree Search on Modern CPUs and GPUs,,0,1
1376,Comprehensive and Reliable Crowd Assessment Algorithms,,1,2
1359,Optimizing Queries over Partitioned Tables in MPP Systems,,0,3
1117,Lazy Evaluation of Transactions in Database Systems,,0,2
2029,Multi-Query Diversification in Microblogging Posts,,1,3
1585,Towards Efficient Maintenance of Continuous MaxRS Query for Trajectories,,1,2
1105,Query-Based Outlier Detection in Heterogeneous Information Networks,,0,3
415,Relative Lempel-Ziv Factorization for Efficient Storage and Retrieval of Web Collections,,1,1
1640,A General Framework for Geo-Social Query Processing,,0,2
747,Scalable Query Rewriting: A Graph-Based Approach,,1,3
1440,Dismantling Complicated Query Attributes with Crowd,,0,1
1689,Finding the Most Diverse Products using Preference Queries,,1,2
494,High Performance Temporal Indexing on Modern Hardware,,0,3
1154,LLAMA: A Cache/Storage Subsystem for Modern Hardware,,1,1
243,Privacy Risk in Anonymized Heterogeneous Information Networks,,0,2
2595,Minimizing the Communication Cost for Continuous Skyline Maintenance,,1,3
2481,Optimizing I/O for Big Array Analytics,,0,1
1946,Herding the elephants: Workload-level optimization strategies for Hadoop,,1,2
1806,An Homophily-based Approach for Fast Post Recommendation on Twitter,,0,3
873,LogBase: A Scalable Log-structured Database System in the Cloud,,1,1
2209,Top-k Queries on Uncertain Data:  On Score Distribution and Typical Answers,,0,2
2151,EasyCommit: A Non-blocking Two-phase Commit Protocol,,1,3
1033,Walnut: A Unified Cloud Object Store,,0,1
1106,Skip-and-Prune: Cosine-based Top-K Query Processing for Efficient Context-Sensitive Document Retrieval,,0,3
2391,Towards Unified Ad-hoc Data Processing,,1,1
1938,TriAD: A Distributed Shared-Nothing RDF Engine based on Asynchronous Message Passing,,0,2
1974,Scalable Parallelization of Skyline Computation for Multi-core Processors,,1,3
1709,Injecting Uncertainty in Graphs for Identity Obfuscation,,0,1
1551,Orca: A Modular Query Optimizer Architecture for Big Data,,1,2
1076,DSH: Data Sensitive Hashing for High-Dimensional k-NN Search,,1,1
2477,Lightweight Privacy-Preserving Peer-to-Peer Data Integration,,0,2
2605,Answering Keyword Queries involving Aggregates and GROUPBY on Relational Databases,,1,3
1150,Strudel: Framework for Transaction Performance Analyses on SQL/NoSQL Systems,,0,1
1511,On Complexity and Efficiency of Mutual Information Estimation on Static and Dynamic Data,,1,2
656,Opening the Black Boxes in Data Flow Optimization Fabian Hueske*1 Mathias Peters(15)2 Matthias J. Sax(15)3 Astrid Rheinla,,0,3
532,Fast Mining of Interesting Phrases from Subsets of Text Corpora,,1,1
2382,Matching Heterogeneous Event Data,,0,2
2184,e#: Sharper Expertise Detection from Microblogs,,1,3
1974,Explanations for Skyline Query Results,,1,2
228,A Statistical Approach Towards Robust Progress Estimation,,0,3
1437,Massively Parallel Sort-Merge Joins in Main Memory Multi-Core Database Systems,,1,1
288,Lineage Processing over Correlated Probabilistic Databases,,0,2
2497,Complex Event Analytics: Online Aggregation of Stream Sequence Patterns,,1,3
2294,Secure kNN Computation on Encrypted Databases,,0,1
1351,SODA: Generating SQL for Business Users,,1,2
2339,Dynamic Interaction Graphs with Probabilistic Edge Decay,,0,3
312,Approximate Keyword Search in Semantic Trajectory Database,,0,2
557,Query Processing Techniques for Solid State Drives,,1,3
826,MatchCatcher: A Debugger for Blocking in Entity Matching,,0,1
523,Mining and Indexing Graphs for Supergraph Search,,1,2
481,Hermes: Dynamic Partitioning for Distributed Social Network Graph Databases,,1,1
148,"A Hybrid Approach for Alarm Verification using Stream Processing, Machine Learning and Text Analytics",,0,2
1844,Efficient Parallel Set-Similarity Joins Using MapReduce,,1,3
473,Reverse-Engineering ConjunctiveQueries from Provenance Examples,,0,1
1063,Two Birds With One Stone: An Efficient Hierarchical Framework for Top-k and Threshold-based String Similarity Search,,1,2
2613,Accelerating Aggregation using Intra-cycle Parallelism,,1,1
736,PLANET: Making Progress with Commit Processing in Unpredictable Environments,,0,2
56,Why Not,,1,3
279,Minuet: A Scalable Distributed Multiversion B-Tree,,0,1
2429,Putting Lipstick on Pig: Enabling Database-style Workflow Provenance,,1,2
131,Automatic Partitioning of Database Applications,,0,3
424,Flow Motifs in Interaction Networks,,1,1
2071,Big POI Data Integration with Linked Data Technologies,,0,2
2183,Boosting Moving Object Indexing through Velocity Partitioning,,1,3
1521,An Architecture for Recycling Intermediates in a Column-store,,0,1
1253,TimeReach: Historical Reachability Queries on Evolving Graphs,,1,2
220,Piggybacking on Social Networks,,0,3
2606,CLX: Towards verifiable PBE data transformation,,1,1
1373,LCI: A Social Channel Analysis Platform for  Live Customer Intelligence,,0,2
1383,DBExplorer: Exploratory Search in Databases,,1,3
156,SlickDeque: High Throughput and Low Latency Incremental Sliding-Window Aggregation,,0,1
305,A Bayesian Approach to Discovering Truth from Conflicting Sources for Data Integration,,1,2
723,Building User-defined Runtime Adaptation Routines for Stream Processing Applications,,0,3
1353,Efficient Structural Bulk Updates on the Pre/Dist/Size XML Encoding,,1,1
1255,Event Recognition for Maritime Surveillance,,0,2
381,Parallel Duplicate Detection in Adverse Drug Reaction Databases with Spark,,1,3
131,Sloth: Being Lazy is a Virtue (When Issuing Database Queries),,0,1
530,Latent OLAP: Data Cubes over Latent Variables,,1,2
1002,How Soccer Players Would do Stream Joins,,0,3
864,Query Optimization Techniques for Partitioned Tables,,1,1
2438,Knowledge Expansion over Probabilistic Knowledge Bases,,0,2
2515,Mining Frequent Itemsets over Uncertain Databases,,0,1
2219,Predicting ¡°What is Interesting¡± by Mining Interactive-Data-Analysis Session Logs,,1,2
1355,Size-Constrained Weighted Set Cover,,0,3
542,Summarization and Matching of Density-Based Clusters in Streaming Environments,,1,1
346,Workload-Aware Database Monitoring and Consolidation,,0,2
1919,DAX: A Widely Distributed Multi-tenant Storage Service for DBMS Hosting,,1,3
1893,Distributed in-memory SPARQL Processing via DOF Analysis,,0,1
1168,Interactive Top-k Spatial Keyword Queries,,1,2
2023,FlashLogging: Exploiting Flash Devices for Synchronous Logging Performance,,1,1
1325,Spatial Keyword Query Processing: An Experimental Evaluation,,0,2
666,A Distributed Algorithm for Large-Scale Generalized Matching,,1,3
69,Streaming Algorithms for k-core Decomposition,,0,1
811,Connected Substructure Similarity Search,,1,2
2168,ClouDiA: A Deployment Advisor for Public Clouds,,0,3
2297,PriView: Practical Differentially Private Release of Marginal Contingency Tables,,1,1
2412,Less is More: Selecting Sources Wisely for Integration,,0,2
1179,BionicDB: Fast and Power-Efficient OLTP on FPGA,,1,3
988,Probabilistic String Similarity Joins Jeffrey Jestes Feifei Li Zhepeng Yan Ke Yi,,0,1
2435,Operation-Aware Buffer Management in Flash-based Systems,,1,2
578,A Pivotal Prefix Based Filtering Algorithm for String Similarity Search,,0,3
794,A Performance Study of Three Disk-based Structures for Indexing and Querying Frequent Itemsets,,1,1
533,Synchronous Multi-GPU Deep Learning with Low-Precision Communication: An Experimental Study,,0,2
1518,"Ordering, Distinctness, Aggregation,  Partitioning and DQP Optimization in Sybase ASE 15",,1,3
73,AEDSMS: Automotive Embedded Data Stream Management System,,0,1
1812,Finding All Maximal Connected s-Cliques in Social Networks,,1,2
1803,LDV: Light-weight Database Virtualization,,0,3
2604,Overcoming Semantic Drift in Information Extraction,,1,1
2380,Scalable Kernel Density Estimation-based Local Outlier Detection over Large Data Streams,,0,2
1976,A Memory Efficient Reachability Data Structure Through Bit Vector Compression,,1,3
2143,Extending Autocompletion To Tolerate Errors,,0,1
383,Nearest Window Cluster Queries,,1,2
2023,PR-Join: A Non-Blocking Join Achieving Higher Early Result Rate with Statistical Guarantees,,0,3
2441,A Data-adaptive and Dynamic Segmentation Index for Whole Matching on Time Series ,,1,1
286,Cleaning trajectory data of RFID-monitored objects through conditioning under integrity constraints,,0,2
31,iReduct: Differential Privacy with Reduced Relative Errors,,1,3
1149,MOIST: A Scalable and Parallel Moving Object Indexer with School Tracking,,0,1
962,K-Isomorphism: Privacy Preserving Network Publication against Structural Attacks,,1,2
2368,Truth Finding on the Deep Web: Is the Problem Solved?,,0,3
422,Parallel and Distributed Processing of Spatial Preference Queries using Keywords,,1,1
1141,Robust Clustering of Multi-type Relational Data via a Heterogeneous Manifold Ensemble,,0,2
95,Finding All Maximal Cliques in Very Large Social Networks,,1,3
2155,Supporting Similarity Queries in Apache AsterixDB,,0,1
753,RIPPLE: A Scalable Framework for Distributed Processing of Rank Queries,,1,2
2073,Parallel Data Analysis Directly on Scientific File Formats,,0,3
2463,Interactive Analytical Processing in Big Data Systems: A Cross-Industry Study of MapReduce Workloads,,1,1
2032,Capturing Topology in Graph Pattern Matching,,0,2
181,PARAGON: Parallel Architecture-Aware Graph Partition Refinement Algorithm,,1,3
53,Accelerating Big Data Analytics With Collaborative Planning in Teradata Aster 6,,0,1
669,Towards Interactive Debugging of Rule-based Entity Matching,,1,2
2585,JSON Data Management ? Supporting Schema-less Development in RDBMS,http://dx.doi.org/10.1145/2588555.2595628,0,3
326,Temporally-Biased Sampling for Online Model Management,,1,3
2360,Crowdsourced Truth Discovery in the Presence of Hierarchies for Knowledge Fusion,,0,1
2548,Finding Maximum Degrees in Hidden Bipartite Graphs,,1,2
2315,A Probabilistic Model for Linking Named Entities in Web Text with Heterogeneous Information Networks,,0,3
1327,Fine-grained Partitioning for Aggressive Data Skipping,,1,1
2380,Interactive Temporal Association Analytics,,0,2
667,SCOUT: Prefetching for Latent Structure Following Queries,,1,3
1964,Aggregate Estimation Over a Microblog Platform,,0,1
2066,Streaming Quotient Filter: A Near Optimal Approximate Duplicate Detection Approach for Data Streams,,1,2
704,Advancing Data Clustering via Projective Clustering Ensembles,,0,3
2181,On the Spatiotemporal Burstiness of Terms,,1,1
1605,Score-Consistent Algebraic Optimization of Full-Text Search Queries with GRAFT,,0,2
755,FlexRecs: Expressing and Combining Flexible Recommendations,,1,3
1880,ROX: Run-time Optimization of Xqueries,,1,2
1153,A Tale of Three Graphs: Sampling Design on Hybrid Social-Affiliation Networks,,0,3
331,Scalable SPARQL Querying using Path Partitioning,,1,1
1741,Finding Semantics in Time Series,,0,2
1875,Leveraging Compression in the Tableau Data Engine ,,1,3
2345,Towards Predicting Query Execution Time for Concurrent and Dynamic Database Workloads,,0,1
988,Building Wavelet Histograms on Large Data in MapReduce,,1,2
1845,Fusing Data with Correlations,,0,3
1995,Projected Clustering for Huge Data Sets in MapReduce,,1,1
393,Diversified Spatial Keyword Search On Road Networks,,0,2
2482,Page-Differential Logging: An Efficient and DBMSIndependent Approach for Storing Data into Flash Memory,,0,1
306,A Platform for Scalable One-Pass Analytics using MapReduce,,1,2
2616,Online Optimization and Fair Costing for Dynamic Data Sharing in a Cloud Data Market,,0,3
954,SMILE: A Data Sharing Platform for Mobile Apps in the Cloud,,1,1
575,An Evaluation of Alternative Architectures for Transaction Processing in the Cloud,,0,2
1688,Flexible Caching in Trie Joins,,1,3
1158,"Optimization Techniques for ¡°Scaling Down¡± Hadoop on Multi-Core, Shared-Memory Systems",,0,1
362,Corleone: Hands-Off Crowdsourcing for Entity Matching,,1,2
830,Enjoy FRDM ? Play with a Schema-flexible RDBMS,,0,3
787,Querying Data Provenance,,1,1
1138,Motivation-Aware Task Assignment in Crowdsourcing,,0,2
2493,Convergent Interactive Inference with Leaky Joins,,1,3
66,JISC: Adaptive Stream Processing Using Just-In-Time State Completion,,0,1
200,Overlap Interval Partition Join,,1,2
778,Verifying Computations with Streaming Interactive Proofs,,0,2
902,Exact Indexing for Support Vector Machines,,1,3
505,SpMachO - Optimizing Sparse Linear Algebra Expressions with Probabilistic Density Estimation,,0,1
